글로벌미디어,GMSW-자연어처리와프로그래밍언어,전필,2학년
,GMSW-크로스미디어매체기획SW실습,전선,2학년
,GMSW-IT기술영작문(심화),전선,2학년
,GMSW-미디어빅데이터분석,전필,3학년
,GMSW-오픈소스와언어분석,전필,3학년
,GMSW-융합디자인세미나,전필,3학년
,전공인턴십12,전선,3학년
,GMSW-포스트영상프로덕션,전선,4학년
글로벌조리,호텔외식경영실무2,전선,1학년
,서비스매너,전선,1학년
기계항공우주공학부,공업역학,전필,1학년
기계공학전공,동역학,전필,2학년
,유체역학,전필,2학년
,기계요소설계,전선,2학년
,기계공학계측및실험1,전선,2학년
,자동제어,전선,3학년
,열전달,전선,3학년
,열유체응용설계,전선,3학년
,전공인턴십10,전선,3학년
,내연기관,전선,4학년
,트라이볼로지,전선,4학년
,최적설계,전선,4학년
,전산열유체역학,전선,4학년
,에너지공학,전선,4학년
,졸업연구및진로2,전선,4학년
항공우주공학전공,이상유체역학,전필,2학년
,동역학,전필,2학년
,선형대수학,전선,2학년
,메카트로닉스기초설계,전선,2학년
,항공우주응용SW1,전선,2학년
,수치해석,전선,3학년
,자동제어,전선,3학년
,추진체공학,전선,3학년
,인공위성응용,전선,3학년
,항공센서신호처리,전선,3학년
,항공기설계,전선,3학년
,전공인턴십8,전선,3학년
,헬리콥터공학및설계,전선,4학년
,졸업연구및진로2,전선,4학년
나노신소재,유기화학,전필,2학년
,재료열역학2,전선,2학년
,전자기학,전선,2학년
,신소재과학2,전선,2학년
,재료의전자기적물성,전선,2학년
,재료의기계적성질,전필,3학년
,반도체와고분자화학기초설계및실험,전필,3학년
,고체화학,전선,3학년
,반도체제조공학,전선,3학년
,전기화학,전선,3학년
,고분자물리,전선,3학년
,신금속재료,전선,3학년
,화학기기분석,전선,3학년
,산화물재료,전선,3학년
,금속공정학,전선,4학년
,세라믹스공정학,전선,4학년
,산학협동강좌2,전선,4학년
,나노신소재창의연구2,전선,4학년
,졸업연구및진로2,전선,4학년
,광전자소자와디스플레이,전선,4학년
데이터사이언스,고급C프로그래밍및실습,전필,1학년
,공학설계기초,전필,1학년
,알고리즘및실습,전필,2학년
,수치해석,전선,2학년
,문제해결및실습:JAVA,전선,2학년
,선형대수및프로그래밍,전선,2학년
디지털콘텐츠,Capstone디자인,전필,3학년
,컴퓨터네트워크,전선,3학년
,디지털사운드,전선,3학년
,고급실시간그래픽스,전선,3학년
,ICT인턴십2,전선,3학년
,ICT인턴십4,전선,3학년
,전공인턴십1,전선,3학년
,전공인턴십7,전선,3학년
,전공인턴십12,전선,3학년
,HCI개론,전선,4학년
,지능형시스템,전선,4학년
,졸업연구및진로2,전선,4학년
만화애니메이션,디지털만화제작2,전선,3학년
,3D애니메이션제작고급2,전선,3학년
,시각효과고급2,전선,3학년
,애니메이션액팅고급2,전선,3학년
,사운드프로덕션-종합설계,전선,3학년
,졸업작품(P/NP),전필,4학년
,산학협력만화캡스톤디자인,전선,4학년
,애니메이션워크샵-종합설계2,전선,4학년
,만화워크샵-종합설계2,전선,4학년
무용과,현대무용기본2,전필,1학년
,발레테크닉2,전필,1학년
,워크샵2,전필,1학년
,발레레파토리2,전필,1학년
,발레기초2,전필,1학년
,모던댄스2,전필,1학년
,한국전통무용기교훈련2,전필,1학년
,한국창작무용기교훈련,전필,1학년
,한국전통무용기본2,전필,1학년
,안무법,전선,1학년
,발레와필라테스,전선,1학년
,발레테크닉4,전필,2학년
,워크샵4,전필,2학년
,발레레파토리4,전필,2학년
,모던댄스4,전필,2학년
,전통춤기교실습2,전필,2학년
,창작춤기교실습2,전필,2학년
,궁중정재,전선,2학년
,무용실습,전선,2학년
,무용교육,전선,2학년
,무용제작실습,전선,2학년
,고급현대무용2,전필,3학년
,발레테크닉6,전필,3학년
,컨템포러리댄스2,전필,3학년
,한국전통무용안무2,전필,3학년
,한국창작무용안무2,전필,3학년
,발레레파토리6,전필,3학년
,무용비평,전선,3학년
,체육교과교재연구및지도법,전선,3학년
,체육논리및논술,전선,3학년
,캐릭터댄스,전선,3학년
,컨템포러리발레2,전선,3학년
,발레워크샵2,전선,3학년
,졸업작품(P/NP),전필,4학년
,고급현대무용4,전필,4학년
,발레테크닉8,전필,4학년
,컨템포러리댄스4,전필,4학년
,한국전통무용작품분석2,전필,4학년
,한국창작무용작품분석,전필,4학년
,발레레파토리8,전필,4학년
,동양무용사,전선,4학년
,공연기획과실습,전선,4학년
물리천문학과,물리학및실험입문2,전필,1학년
,기초천문학및실험2,전필,1학년
,은하천문학,전필,2학년
,전기와자기,전필,2학년
,수리물리2,전선,2학년
,역학2,전선,2학년
,기초천문관측및실습,전선,2학년
,전자학실험,전선,2학년
,양자역학2,전선,3학년
,열물리학,전선,3학년
,천체분광학개론,전선,3학년
,디스플레이광학,전선,3학년
,천문관측및실습(종합설계),전선,3학년
,나노소자및광학실험(종합설계),전선,3학년
,자기주도형전공설계1,전선,3학년
,전공인턴십12,전선,3학년
,고체물리학2,전선,4학년
,입자물리학,전선,4학년
,성간물질,전선,4학년
,반도체소자물리학,전선,4학년
,중력과상대론,전선,4학년
,졸업연구및진로2,전선,4학년
미디어커뮤니케이션,광고PR개론,전필,1학년
,미디어의이해,전필,1학년
법학부,,,
법학전공,계약법,전필,2학년
,물권법,전필,2학년
,민사소송법1,전필,2학년
,헌법2,전선,2학년
,형법각론,전선,2학년
,저작권법입문,전선,2학년
,법학적성평가연습2,전필,3학년
,행정법2,전선,3학년
,회사법,전선,3학년
,법철학,전선,3학년
,판례민법,전선,4학년
,졸업연구및진로2,전선,4학년
